Target,Similarity
CC(C)(c1ccc(O)cc1)c1ccc(O)cc1,1.0
CC(c1ccc(O)cc1)c1ccc(O)cc1,0.8645833333333334
CC(CO)(c1ccc(O)cc1)c1ccc(O)cc1,0.8275862068965517
CCC(C)(c1ccc(O)cc1)c1ccc(O)cc1,0.8170212765957446
CCC(CC)(c1ccc(O)cc1)c1ccc(O)cc1,0.8
CC(C)(c1ccc(O)cc1)c1cccc(C(C)(C)c2ccc(O)cc2)c1,0.7836734693877551
CCC(c1ccc(O)cc1)c1ccc(O)cc1,0.7777777777777778
Cc1cc(C(C)(C)c2cc(C)c(O)c(C)c2)cc(C)c1O,0.7559055118110236
CC(c1ccccc1)(c1ccc(O)cc1)c1ccc(O)cc1,0.7379912663755459
CCCC(CCC)(c1ccc(O)cc1)c1ccc(O)cc1,0.735632183908046
CC(C)CC(C)(c1ccc(O)cc1)c1ccc(O)cc1,0.732824427480916
Oc1ccc(C2(c3ccc(O)cc3)CCCCC2)cc1,0.7111111111111111
CC(C)(c1ccc(O)cc1)c1ccc(O)c(Br)c1,0.6981818181818182
CC(C)(c1ccc(OCC2CO2)cc1)c1ccc(OCC2CO2)cc1,0.6981818181818182
CC(C)(c1ccc(O)c(Br)c1)c1ccc(O)c(Br)c1,0.6981818181818182
CC(C)(C)c1ccc(O)cc1,0.689873417721519
Oc1ccc(C(c2ccc(O)cc2)C(Cl)(Cl)Cl)cc1,0.689795918367347
Oc1ccc(Cc2ccccc2)cc1,0.6878980891719745
Oc1ccc(Cc2ccc(O)cc2)cc1,0.6878980891719745
CC(C)(c1cc(Cl)c(O)c(Cl)c1)c1cc(Cl)c(O)c(Cl)c1,0.6857142857142857
C=C(C)C(=O)Oc1ccc(C(C)(C)c2ccc(OC(=O)C(=C)C)cc2)cc1,0.676056338028169
Oc1ccc(C(c2ccc(O)cc2)(C(F)(F)F)C(F)(F)F)cc1,0.6736842105263158
CC(C)(c1cc(Br)c(O)c(Br)c1)c1cc(Br)c(O)c(Br)c1,0.6689895470383276
COc1ccc(C(c2ccc(OC)cc2)C(Cl)(Cl)Cl)cc1,0.6490566037735849
CCC(C)c1ccc(O)cc1,0.6198830409356725
O=C(c1ccccc1)c1ccc(O)cc1,0.5757575757575758
O=C(c1ccc(O)cc1)c1ccc(O)cc1,0.5757575757575758
Oc1ccc(C2(c3ccc(O)cc3)CC3CC2C2CCCC32)cc1,0.5614035087719298
CCCCCCCCCc1ccc(O)cc1,0.553072625698324
CCCCCCCCCCCCc1ccc(O)cc1,0.553072625698324
CCCCCCCCc1ccc(O)cc1,0.553072625698324
CC(C)(C)c1ccc(O)c(O)c1,0.5466101694915254
CC(C=O)Cc1ccc(C(C)(C)C)cc1,0.5459459459459459
Cc1ccc(O)cc1,0.5321100917431193
CCCCCc1ccc(O)cc1,0.5310734463276836
Clc1ccc(C(c2ccc(Cl)cc2)C(Cl)Cl)cc1,0.5305343511450382
O=C(O)c1ccc(O)cc1,0.5245901639344263
CCC(C)(C)c1ccc(O)cc1,0.5240174672489083
CCCC[Sn](CCCC)CCCC,0.5238095238095238
CCCC[Sn](CCCC)CCCC.CCCC[Sn](CCCC)CCCC,0.5238095238095238
Oc1ccc(C2CCCCC2)cc1,0.5206611570247934
O=C(c1ccc(O)cc1O)c1ccc(O)cc1O,0.5205479452054794
O=C(c1ccc(O)cc1)c1ccc(O)cc1O,0.5190311418685121
O=C(c1ccccc1)c1ccc(O)cc1O,0.5190311418685121
Clc1ccc(C(c2ccc(Cl)cc2)C(Cl)(Cl)Cl)cc1,0.5186567164179104
O=C(c1ccc(O)cc1)c1ccc(F)cc1,0.5095057034220533
O=C(c1ccccc1)c1ccccc1,0.5085714285714286
Nc1ccc(O)cc1,0.5
O=S(=O)([O-])[O-].OC[P+](CO)(CO)CO.OC[P+](CO)(CO)CO,0.5
CC(C)(C)CC(C)(C)c1ccc(O)cc1,0.4980544747081712
CCCC(c1cc(C(C)(C)C)c(O)cc1C)c1cc(C(C)(C)C)c(O)cc1C,0.49732620320855614
Nc1ccc(Cc2ccc(N)cc2)cc1,0.49714285714285716
OCCN(CCO)CCO,0.49206349206349204
N#CC(Cc1ccc(O)cc1)c1ccc(O)cc1,0.4908424908424908
COc1ccc(C(=O)c2ccc(OC)cc2O)c(O)c1,0.49050632911392406
Cc1cc(C(C)(C)C)c(O)c(C(C)(C)C)c1,0.4888888888888889
COc1ccc(C(=O)c2ccccc2)c(O)c1,0.4872611464968153
Cc1ccc(C(C)C)c(O)c1,0.48148148148148145
Clc1ccc(C(c2ccccc2Cl)C(Cl)Cl)cc1,0.4793650793650794
Clc1ccc(C(c2ccccc2Cl)C(Cl)(Cl)Cl)cc1,0.478125
C=C(CC(C)(C)c1ccc(O)cc1)c1ccc(O)cc1,0.47572815533980584
Cc1ccc(C)cc1.Cc1cccc(C)c1.Cc1ccccc1C,0.47368421052631576
OC(c1ccc(Cl)cc1)(c1ccc(Cl)cc1)C(Cl)(Cl)Cl,0.46987951807228917
Cc1ccccc1,0.46774193548387094
CC(C)(C)c1cc(O)ccc1O,0.4671814671814672
Cc1cc(Cl)ccc1O,0.46236559139784944
S=C1NCCN1,0.4603174603174603
[Sn+3]c1ccccc1,0.4603174603174603
O=C1c2ccc(O)cc2C(=O)c2ccc(O)cc21,0.4590643274853801
CCc1ccccc1,0.45871559633027525
OCc1ccccc1C(c1ccc(O)cc1)c1ccc(O)cc1,0.4563758389261745
C=Cc1ccccc1,0.45535714285714285
CCC(=C(c1ccccc1)c1ccc(OCCN(C)C)cc1)c1ccccc1,0.455026455026455
CCC(=C(c1ccc(O)cc1)c1ccc(OCCN(C)C)cc1)c1ccccc1,0.455026455026455
CCCCOCCO,0.453125
CCC(=C(CC)c1ccc(O)cc1)c1ccc(O)cc1,0.45161290322580644
Oc1ccccc1-c1ccccc1,0.4512820512820513
CN1CCCC1=O,0.4462809917355372
Cc1cc(O)ccc1Cl,0.4461538461538462
CC(Cc1ccc(O)c(O)c1)C(C)Cc1ccc(O)c(O)c1,0.44565217391304346
CCCCCCc1ccc(O)cc1O,0.4448669201520912
CCC(C)(C)OC,0.4444444444444444
ClCC1CO1,0.4444444444444444
O=C(O)c1ccc(C(=O)O)cc1,0.44324324324324327
ClCc1ccccc1,0.44144144144144143
COc1ccc(O)c(C(C)(C)C)c1.COc1ccc(O)cc1C(C)(C)C,0.4389438943894389
O=[N+]([O-])c1ccc(O)cc1,0.4387755102040816
Clc1cc(Cl)c(Cl)c(Cl)c1Cl,0.4380165289256198
Clc1c(Cl)c(Cl)c(Cl)c(Cl)c1Cl,0.4380165289256198
CC(=O)CCC(C)=O,0.43548387096774194
Clc1cc(Cl)c(Cl)cc1Cl,0.43333333333333335
O=C(O)COc1ccc(Cl)cc1,0.4321608040201005
CC(=O)Nc1ccc(O)cc1,0.43147208121827413
Cc1ccc([N+](=O)[O-])cc1,0.4292929292929293
Nc1ccccc1,0.42857142857142855
O=C1c2ccccc2C(=O)c2c1ccc(O)c2O,0.4282115869017632
Cc1c(O)cccc1O,0.42528735632183906
Cc1cc(O)c2c(c1)C(=O)c1cc(O)cc(O)c1C2=O,0.4233576642335766
CCC(C)c1cc([N+](=O)[O-])cc([N+](=O)[O-])c1O,0.4225
C=C(C)C(=O)OC,0.41964285714285715
CCC(=C(c1ccccc1)c1ccc(OCCN(C)C)cc1)c1ccccc1.O=C(O)CC(O)(CC(=O)O)C(=O)O,0.41784037558685444
CCCCCCCCCc1ccccc1O,0.41732283464566927
CCCCCCCCc1ccccc1O,0.41732283464566927
CC1=CC(=C(c2ccc(N)c(C)c2)c2ccc(N)c(C)c2)C=CC1=[NH2+].[Cl-],0.4160206718346253
CC(C)(C#N)c1cc(Cn2cncn2)cc(C(C)(C)C#N)c1,0.41595441595441596
CCCC[Sn](Br)(CCCC)CCCC,0.4152542372881356
COP(N)(=O)SC,0.41379310344827586
CCCCCC(O)CC(=O)CCc1ccc(O)c(OC)c1,0.41369047619047616
CCCCCC(O)CC(=O)CCc1ccc(O)c(OC)c1,0.41369047619047616
CN(C)c1ccc(C(O)(c2ccccc2)c2ccc(N(C)C)cc2)cc1,0.412751677852349
CC(C)C(C(=O)OC(C#N)c1cccc(Oc2ccccc2)c1)c1ccc(Cl)cc1,0.4125874125874126
CC(C)C(C(=O)OC(C#N)c1cccc(Oc2ccccc2)c1)c1ccc(Cl)cc1,0.4125874125874126
Cc1c2ccccc2c(C)c2c1ccc1ccccc12,0.41116751269035534
COc1cccc(C2(O)CCCCC2CN(C)C)c1,0.41092636579572445
OC1(O)CCCO1,0.41025641025641024
O=C(C=Cc1ccc(O)c(O)c1)OC(Cc1ccc(O)c(O)c1)C(=O)O,0.41012658227848103
O=C1c2cccc(O)c2C(=O)c2c(O)cccc21,0.4094488188976378
CNC(C)Cc1ccc2c(c1)OCO2,0.408955223880597
CCC(C)(C)c1cc(-n2nc3ccccc3n2)c(O)c(C(C)(C)CC)c1,0.4078341013824885
COc1ccc(C(=CC(=O)N2CCOCC2)c2ccc(F)cc2)cc1OC,0.4074074074074074
O=C(CCc1ccc(O)cc1)c1c(O)cc(O)cc1O,0.4072948328267477
C[n+]1ccc(-c2cc[n+](C)cc2)cc1.[Cl-].[Cl-],0.40703517587939697
C[n+]1ccc(-c2cc[n+](C)cc2)cc1,0.40703517587939697
CCCC[Sn](Cl)(CCCC)CCCC,0.4067796610169492
O=C(O)C(Cl)(Cl)Cl,0.40625
COc1ccc2c(c1)CCC(c1ccccc1)=C2c1ccc(OCCN2CCCC2)cc1.Cl,0.4052863436123348
CCN(CC)CCOc1ccc(C(=C(Cl)c2ccccc2)c2ccccc2)cc1.O=C(O)CC(O)(CC(=O)O)C(=O)O,0.4052132701421801
C=C(CC(CCc1ccccc1)c1ccccc1)c1ccccc1,0.40390879478827363
O=C1C=CC(=C(c2ccccc2)c2ccc(O)c3ccccc23)c2ccccc21,0.40350877192982454
Cc1cc(O)c2c(c1)C(=O)c1cccc(O)c1C2=O,0.4034653465346535
C#CC1(O)CCC2C3CCc4cc(O)ccc4C3CCC21C,0.4033412887828162
Oc1ccc(C2COc3cc(O)ccc3C2)cc1,0.40302267002518893
CCc1cc2c(cc1C(C)=O)C(C)(C)CCC2(C)C,0.40217391304347827
CCCC(Cn1cncn1)c1ccc(Cl)cc1Cl,0.4010152284263959
O=C(O)Cc1cc(I)c(Oc2ccc(O)c(I)c2)c(I)c1,0.4
CCCCCC=CCC(O)C(O)CCCCCCCC(=O)O,0.39896373056994816
CCCCCC=CCC(O)C(O)CCCCCCCC(=O)O,0.39896373056994816
CC(=O)O.O=CC(O)C(O)C(O)C(O)CO,0.39790575916230364
CCOC(=O)c1ccc(O)cc1,0.3977272727272727
CC(C)COC(=O)c1ccc(O)cc1,0.3971631205673759
CN(C)C(=S)[S-].CN(C)C(=S)[S-].[Zn+2],0.3968253968253968
C=COC(C)=O,0.3968253968253968
CC12CCC3c4ccc(OC(=O)c5ccccc5)cc4CCC3C1CCC2O,0.3967889908256881
CCCCC(C#N)(Cn1cncn1)c1ccc(Cl)cc1,0.3962703962703963
CC1(C)C(C=C(Cl)Cl)C1C(=O)OC(C#N)c1cccc(Oc2ccccc2)c1,0.3958333333333333
O=C(c1ccccc1)C1(O)CCCCC1,0.39473684210526316
O=S1(=O)OC(c2ccc(O)cc2)(c2ccc(O)cc2)c2ccccc21,0.39373601789709173
CCCOC(=O)c1ccc(O)cc1,0.3935018050541516
CC1(C)C(C=C(Cl)C(F)(F)F)C1C(=O)OC(C#N)c1cccc(Oc2ccccc2)c1,0.3933333333333333
CC1(C)C(C=C(Cl)C(F)(F)F)C1C(=O)OC(C#N)c1cccc(Oc2ccccc2)c1,0.3933333333333333
CCCCC(=O)OC1CCC2C3CCc4cc(O)ccc4C3CCC12C,0.392018779342723
CC(C)=CC1C(C(=O)OCc2cccc(Oc3ccccc3)c2)C1(C)C,0.39195979899497485
CC(C)(C[Sn](CC(C)(C)c1ccccc1)(CC(C)(C)c1ccccc1)O[Sn](CC(C)(C)c1ccccc1)(CC(C)(C)c1ccccc1)CC(C)(C)c1ccccc1)c1ccccc1,0.3917808219178082
CC12CCC3c4ccc(O)cc4CC(CCCCCCCCCS(=O)CCCC(F)(F)C(F)(F)F)C3C1CCC2O,0.391705069124424
CC(=O)c1cc2c(cc1C)C(C)(C)C(C)CC2(C)C,0.391304347826087
N#Cc1ccc(C2CCCc3cncn32)cc1,0.3904109589041096
CC=CC(=O)Oc1c(CCCCCC(C)C)cc([N+](=O)[O-])cc1[N+](=O)[O-],0.38961038961038963
Oc1ccc(Sc2ccc(O)cc2)cc1,0.3891891891891892
CN(C)CCCC1(c2ccc(F)cc2)OCc2cc(C#N)ccc21,0.38913043478260867
CN(C)CCCC1(c2ccc(F)cc2)OCc2cc(C#N)ccc21,0.38913043478260867
CCCCOC(=O)c1ccc(O)cc1,0.3881118881118881
CC1(C)C(C=C(Cl)Cl)C1C(=O)OCc1cccc(Oc2ccccc2)c1,0.3879093198992443
CC1(C)C(C=C(Cl)Cl)C1C(=O)OCc1cccc(Oc2ccccc2)c1,0.3879093198992443
COC(=O)c1ccccc1C(=O)c1ccccc1,0.3873626373626374
Clc1cc(Cl)cc(-c2cc(Cl)cc(Cl)c2)c1,0.3872549019607843
Clc1cccc(-c2cc(Cl)cc(Cl)c2)c1,0.3872549019607843
CCCC[Sn](Cl)(Cl)CCCC,0.3865546218487395
COC(=O)c1ccc(O)cc1,0.3858267716535433
CCC12CCN(CC3CC3)C(C(=O)c3ccc(O)cc31)C2C,0.38556701030927837
CC(C)OC(=O)c1ccc(O)cc1,0.38545454545454544
CCCC1COC(Cn2cncn2)(c2ccc(Cl)cc2Cl)O1,0.38526315789473686
CCCCC(CC)COC(=O)C=Cc1ccc(OC)cc1,0.38509316770186336
NC(Cc1ccc(O)c(-c2cc(CC(N)C(=O)O)ccc2O)c1)C(=O)O,0.38481675392670156
Oc1c(Br)cc(Br)cc1Br,0.38461538461538464
CCC[Sn](Cl)(CCC)CCC,0.38461538461538464
O=P(OC(CCl)CCl)(OC(CCl)CCl)OC(CCl)CCl,0.38461538461538464
BrC1(Br)CCCCCCCCCC(Br)(Br)C1(Br)Br,0.3842364532019704
CC(C)Cc1ccc(C(C)C(=O)O)cc1,0.38405797101449274
Brc1c(Br)c(Br)c(CCc2c(Br)c(Br)c(Br)c(Br)c2Br)c(Br)c1Br,0.38390092879256965
CC1(C)C(C=C(Br)Br)C1C(=O)OC(C#N)c1cccc(Oc2ccccc2)c1,0.3835616438356164
O=c1c(-c2ccc(O)cc2)coc2cc(OC3OC(CO)C(O)C(O)C3O)cc(O)c12,0.3831967213114754
CC#CC1(O)CCC2C3CCC4=CC(=O)CCC4=C3C(c3ccc(N(C)C)cc3)CC21C,0.38253638253638256
CC(C1CC1)C(O)(Cn1cncn1)c1ccc(Cl)cc1,0.38222222222222224
CC1Cc2c(Cl)cc(C(=O)NC(Cc3ccccc3)C(=O)O)c(O)c2C(=O)O1,0.3821138211382114
C=C1C(=O)NC(C)C(=O)NC(CC(C)C)C(=O)NC(C(=O)O)C(C)C(=O)NC(CCCN=C(N)N)C(=O)NC(C=CC(C)=CC(C)C(Cc2ccccc2)OC)C(C)C(=O)NC(C(=O)O)CCC(=O)N1C,0.3821138211382114
CC1CCCC(O)CCCCCc2cc(O)cc(O)c2C(=O)O1,0.38207547169811323
N#Cc1nn(-c2c(Cl)cc(C(F)(F)F)cc2Cl)c(N)c1S(=O)C(F)(F)F,0.382
N#CC(CCc1ccc(Cl)cc1)(Cn1cncn1)c1ccccc1,0.3819444444444444
O=C(c1ccc(OCCN2CCCCC2)cc1)c1c(-c2ccc(O)cc2)sc2cc(O)ccc12,0.38181818181818183
C=Cc1c(Cl)cccc1Cl,0.3811881188118812
CS(=O)(=O)c1cc(Cl)ccc1C(=C(Cl)Cl)c1ccc(Cl)cc1,0.3810623556581986
CC1CCCC(O)CCCC=Cc2cc(O)cc(O)c2C(=O)O1,0.3810623556581986
CC1CCCC(O)CCCC=Cc2cc(O)cc(O)c2C(=O)O1,0.3810623556581986
O=C(O)C(Br)Br,0.38095238095238093
Cc1cc(O)cc2oc(=O)c3c(O)cc(O)cc3c12,0.3808411214953271
Oc1cc2ccc3cc4ccccc4c4ccc(c1)c2c34,0.3806818181818182
CC1CCCC(=O)CCCC=Cc2cc(O)cc(O)c2C(=O)O1,0.3804100227790433
O=C1OC2(c3ccccc31)c1cc(I)c([O-])c(I)c1Oc1c2cc(I)c([O-])c1I.[Na+].[Na+],0.3803680981595092
O=c1c(O)c(-c2cc(O)c(O)c(O)c2)oc2cc(O)cc(O)c12,0.3793103448275862
COc1cc(-c2oc3cc(O)cc(O)c3c(=O)c2O)ccc1O,0.37872340425531914
Oc1cc(O)cc(O)c1,0.3783783783783784
COc1ccc2c(c1)c(CC(=O)O)c(C)n2C(=O)c1ccc(Cl)cc1,0.3782696177062374
O=c1c(O)c(-c2ccc(O)c(O)c2)oc2cc(O)cc(O)c12,0.3779697624190065
N#Cc1ccc(C(c2ccc(C#N)cc2)n2cncn2)cc1,0.37777777777777777
CNC(=O)Oc1cccc2c1OC(C)(C)C2,0.37708830548926014
CC(Oc1cc(-c2cnn(C3CCNCC3)c2)cnc1N)c1c(Cl)ccc(F)c1Cl,0.37701612903225806
CCCc1nn(C)c2c(=O)nc(-c3cc(S(=O)(=O)N4CCN(C)CC4)ccc3OCC)[nH]c12,0.37598425196850394
COC(=O)C1C2CC3c4[nH]c5cc(OC)ccc5c4CCN3CC2CC(OC(=O)c2cc(OC)c(OC)c(OC)c2)C1OC,0.37573385518590996
O=c1cc(-c2ccc(O)c(O)c2)oc2cc(O)cc(O)c12,0.3755656108597285
ClC(Cl)=C(c1ccc(Cl)cc1)c1ccc(Cl)cc1,0.37542662116040953
COc1cc2c(c3oc(=O)c4c(c13)CCC4=O)C1C=COC1O2,0.37524557956778
CCCC(C)(O)C1CC23C=CC1(OC)C1Oc4c(O)ccc5c4C12CCN(C)C3C5,0.375
CN(C)C1C(=O)C(C(N)=O)=C(O)C2(O)C(=O)C3=C(O)c4c(O)ccc(Cl)c4C(C)(O)C3CC12,0.375
CCCC1=C(c2ccc(O)cc2)N(c2ccc(O)cc2)NC1=C1C=CC(=O)C=C1,0.375
O=C1CCC2(O)C3Cc4ccc(O)c5c4C2(CCN3CC2CC2)C1O5,0.375
COC1C=COC2(C)Oc3c(C)c(O)c4c(c3C2=O)C(=O)C(=CNN2CCN(C)CC2)C(=C4O)NC(=O)C(C)=CC=CC(C)C(O)C(C)C(O)C(C)C(OC(C)=O)C1C,0.375
C=CCN1CCC23c4c5ccc(O)c4OC2C(=O)CCC3(O)C1C5,0.375
CN(C)C1C(=O)C(C(N)=O)=C(O)C2(O)C(=O)C3=C(O)c4c(O)cccc4C(C)(O)C3C(O)C12,0.375
Cc1cc(O)c2c(c1)C(=O)c1cccc(OC3OC(CO)C(O)C(O)C3O)c1C2=O,0.37474541751527496
CC(C)Oc1cccc(NC(=O)c2ccccc2C(F)(F)F)c1,0.3746958637469586
CCCCN(CCCC)CC(O)c1cc(Cl)cc2c1-c1ccc(Cl)cc1C2=Cc1ccc(Cl)cc1,0.37448559670781895
CSc1ccc(C(=O)C(C)(C)N2CCOCC2)cc1,0.3740053050397878
CC(C)c1ccc2sc3ccccc3c(=O)c2c1,0.3739612188365651
O=C1CC(c2ccc(O)cc2)Oc2cc(O)cc(O)c21,0.3738738738738739
CN1CCC23c4c5ccc(O)c4OC2C(O)C=CC3C1C5,0.37377690802348335
Ic1ccc(-c2ccc(I)cc2)cc1,0.37362637362637363
Fc1ccc(C2(Cn3cncn3)OC2c2ccccc2Cl)cc1,0.373469387755102
COc1cc(-c2cc(=O)c3ccccc3o2)ccc1[N+](=O)[O-],0.37339055793991416
CNC1CCC(c2ccc(Cl)c(Cl)c2)c2ccccc21,0.3733031674208145
CC1COCc2cc3c(cc21)C(C)(C)C(C)C3(C)C,0.3732394366197183
O=c1c(-c2ccc(O)cc2)coc2cc(O)cc(O)c12,0.3726851851851852
CNCCC(Oc1ccc(C(F)(F)F)cc1)c1ccccc1,0.3726541554959786
O=C1c2ccccc2-c2cccc3cccc1c23,0.37264150943396224
Nc1ncnc2c1nc(Br)n2C1OC2COP(=O)(O)OC2C1O,0.37254901960784315
CC1CC2C3CCC4=CC(=O)C=CC4(C)C3(F)C(O)CC2(C)C1(O)C(=O)CO,0.3722943722943723
CCN1CCCC1CNC(=O)c1cc(S(N)(=O)=O)ccc1OC,0.3722466960352423
COCCCCC(=NOCCN)c1ccc(C(F)(F)F)cc1,0.37222222222222223
OC(c1ccc(Cl)cc1)(c1cncnc1)c1ccccc1Cl,0.37185929648241206
CN1CC(=O)N2C(Cc3c([nH]c4ccccc34)C2c2ccc3c(c2)OCO3)C1=O,0.37181996086105673
O=CC=Cc1ccccc1,0.37142857142857144
ClC(Cl)=C(c1ccc(Cl)cc1)c1ccccc1Cl,0.37142857142857144
O=c1cc(-c2ccc(O)cc2)oc2cc(O)cc(O)c12,0.3709677419354839
CCCCCCCCCCCCCC(=O)OC1C(C)C2(O)C(C=C(CO)CC3(O)C(=O)C(C)=CC32)C2C(C)(C)C12OC(C)=O,0.37060041407867494
ClC1=C(Cl)C2(Cl)C3C4CC(C5OC45)C3C1(Cl)C2(Cl)Cl,0.3705263157894737
ClC1=C(Cl)C2(Cl)C3C4CC(C5OC45)C3C1(Cl)C2(Cl)Cl,0.3705263157894737
COc1cc2c(c(OC)c1OC)-c1ccc(OC)c(=O)cc1C(NC(C)=O)CC2,0.3702213279678068
CCCCCCCCCCCCCCCC1C(CP(=O)(O)O)OC(COC2OC(COC3(C(=O)O)CC(OC4(C(=O)O)CC(OC5(C(=O)O)CC(O)C(O)C(C(O)CO)O5)C(O)C(C(O)CO)O4)C(OC4OC(C(O)CO)C(OP(=O)(O)OP(=O)(O)OCCN)C(OC5OC(C(O)COC6OCC(O)(C(O)CO)C(O)C6O)C(OP(=O)(O)O)C(OC6OC(COC7OC(CO)C(O)C(O)C7O)C(O)C(OC7OC(CO)C(O)C(O)C7OC7OC(CO)C(OC8OC(CO)C(O)C(OC9OC(C)C(OC%10OC(CO)C(O)C(OC%11OC(C)C(O)CC%11O)C%10OC%10OC(CO)C(O)C(O)C%10O)C(O)C9O)C8O)C(O)C7OC7OC(CO)C(O)C(O)C7NC(C)=O)C6O)C5O)C4O)C(C(O)CO)O3)C(OP(=O)(O)O)C(OC(=O)CC(CCCCCCCCCCC)OC(=O)CCCCCCCCCCCCC)C2NC(=O)CC(CCCCCCCCCCC)OC(=O)CCCCCCCCCCC)C(O)C1OC(=O)CC(O)CCCCCCCCCCC,0.3700787401574803
COP(N)(=S)Oc1ccccc1C(=O)OC(C)C,0.36992840095465396
O=c1c(-c2ccc(O)cc2)coc2cc(O)ccc12,0.36982968369829683
O=c1cc(-c2ccccc2)oc2cc(O)cc(O)c12,0.3697674418604651
CC(=O)N1CCN(c2ccc(OCC3COC(Cn4ccnc4)(c4ccc(Cl)cc4Cl)O3)cc2)CC1,0.3696969696969697
CCC1(c2ccccc2)C(=O)NC(=O)NC1=O,0.3696682464454976
COc1ccc(-c2coc3cc(O)cc(O)c3c2=O)cc1,0.36961451247165533
COC1OC2OC3(C)CCC4C(C)CCC(C1C)C24OO3,0.3691275167785235
O=S1OCC2C(CO1)C1(Cl)C(Cl)=C(Cl)C2(Cl)C1(Cl)Cl,0.36875
O=S1OCC2C(CO1)C1(Cl)C(Cl)=C(Cl)C2(Cl)C1(Cl)Cl,0.36875
O=S1OCC2C(CO1)C1(Cl)C(Cl)=C(Cl)C2(Cl)C1(Cl)Cl,0.36875
CCCCOCCOP(=O)(OCCOCCCC)OCCOCCCC,0.3686868686868687
CCNC(=NCCCCC(NC(=O)C(Cc1ccc(O)cc1)NC(=O)C(CO)NC(=O)C(Cc1c[nH]c2ccccc12)NC(=O)C(Cc1ccc(Cl)cc1)NC(=O)C(Cc1ccc2ccccc2c1)NC(C)=O)C(=O)NC(CC(C)C)C(=O)NC(CCCNC(=N)N)C(=O)N1CCCC1C(=O)NC(C)C(N)=O)NCC,0.3684210526315789
NNC(=O)c1ccncc1,0.3684210526315789
CC1C(OS(=O)(=O)O)CC2CC(C(O)c3cc(=O)[nH]c(=O)[nH]3)NC3=NCC1N32,0.3683168316831683
Cc1cc(O)ccc1[N+](=O)[O-],0.36807817589576547
O=C1C=Cc2cc(S(=O)(=O)[O-])ccc2C1=NNc1ccc(S(=O)(=O)[O-])cc1.[Na+].[Na+],0.3678646934460888
N#Cc1cc(Br)c(O)c(Br)c1,0.3678571428571429
CCC(CC)Nc1c([N+](=O)[O-])cc(C)c(C)c1[N+](=O)[O-],0.367816091954023
C=CCOC(Cn1ccnc1)c1ccc(Cl)cc1Cl,0.36778846153846156
O=C(O)CNCP(=O)(O)O,0.3675675675675676
CCC1(c2ccc(N)cc2)CCC(=O)NC1=O,0.3672055427251732
CCC(C)C(=O)OC1CC(C)C=C2C=CC(C)C(CCC3CC(O)CC(=O)O3)C21,0.3671497584541063
CC12CCC(C(=Cc3ccccc3)C1=O)C2(C)C,0.36683417085427134
CCOC(=O)c1cncn1C(C)c1ccccc1,0.36666666666666664
CCC(C)(C)C(=O)OC1CC(C)C=C2C=CC(C)C(CCC3CC(O)CC(=O)O3)C21,0.36666666666666664
N#Cc1c[nH]cc1-c1cccc2c1OC(F)(F)O2,0.36644591611479027
C=Cc1ccccc1Cl,0.36597938144329895
CC12C=CC3=C4CCC(=O)C=C4CCC3C1CCC2O,0.3657957244655582
CC(C)[NH3+].O=C([O-])CNCP(=O)(O)O,0.3655913978494624
CCC(C)C1OC2(C=CC1C)CC1CC(CC=C(C)C(OC3CC(OC)C(OC4CC(OC)C(O)C(C)O4)C(C)O3)C(C)C=CC=C3COCC4C(O)C(C)=CC(C(=O)O1)C34O)O2,0.3654618473895582
COCC(=O)O,0.36507936507936506
ClCC(Br)CBr,0.36507936507936506
OCC1CO1,0.36507936507936506
Cc1ccc(C=C2C(=O)C3(C)CCC2C3(C)C)cc1,0.365
CC(C)=CC1C(C(=O)OCN2C(=O)C3=C(CCCC3)C2=O)C1(C)C,0.3646288209606987
ClC1=C(Cl)C2(Cl)C3C(Cl)C(Cl)CC3C1(Cl)C2(Cl)Cl,0.36423841059602646
COc1ccc(-c2coc3cc(O)ccc3c2=O)cc1,0.3640661938534279
CC1CC(OC(=O)c2ccccc2O)CC(C)(C)C1,0.36363636363636365
Fc1ccc(C2CCNCC2COc2ccc3c(c2)OCO3)cc1,0.3629976580796253
COc1ccc2nc(S(=O)Cc3ncc(C)c(OC)c3C)[nH]c2c1,0.3619246861924686
COc1ccc2nc(S(=O)Cc3ncc(C)c(OC)c3C)[nH]c2c1,0.3619246861924686
CCCCNC(=O)n1c(NC(=O)OC)nc2ccccc21,0.36134453781512604
CC(C)c1cccc2c(=O)c3ccccc3sc12,0.3611111111111111
CCCCC(CC)COC(=O)CCCCC(=O)OCC(CC)CCCC,0.36097560975609755
C=CC1(C)CC(=O)C2(O)C(C)(O1)C(OC(C)=O)C(O)C1C(C)(C)CCC(O)C12C,0.3609341825902335
NC(N)=NCCN1CCCCCCC1,0.36082474226804123
O=c1cc(-c2ccccc2)oc2ccc(O)cc12,0.3605769230769231
Oc1ccc(-c2ccccc2)cc1,0.3602150537634409
C=Cc1cccc(Cl)c1,0.3602150537634409
Oc1ccc(-c2ccc(O)cc2)cc1,0.3602150537634409
CC(=O)OC1(C(C)=O)CCC2C3C=C(Cl)C4=CC(=O)C5CC5C4(C)C3CCC21C,0.3599137931034483
ClC1=C(Cl)C2(Cl)C3C4C=CC(C4)C3C1(Cl)C2(Cl)Cl,0.3598233995584989
CCc1cc(CC)c2sc3ccccc3c(=O)c2c1,0.3594132029339853
CCCCC(CC)COC(=O)c1cc(Br)c(Br)c(Br)c1Br,0.3592964824120603
Cc1ccc(OP(=O)(Oc2ccc(C)cc2)Oc2ccc(C)cc2)cc1,0.3591549295774648
COP(=S)(OC)Oc1ccc([N+](=O)[O-])c(C)c1,0.35883905013192613
ClC1=C(Cl)C2(Cl)C3C(Cl)C=CC3C1(Cl)C2(Cl)Cl,0.35853131749460043
CCc1cccc(C)c1N(C(=O)CCl)C(C)COC,0.3584905660377358
CCCCC(CC)COC(=O)c1c(Br)c(Br)c(Br)c(Br)c1C(=O)OCC(CC)CCCC,0.3584474885844749
OC1c2cc3ccc4cccc5ccc(c2C2OC2C1O)c3c45,0.3576158940397351
O=C(Oc1ccccc1)c1ccccc1O,0.3575757575757576
O=P(OCC(Br)CBr)(OCC(Br)CBr)OCC(Br)CBr,0.357487922705314
NC(=O)c1cnccn1,0.35714285714285715
CC1=CC2OC3C(O)CC(C)(C34CO4)C2(CO)C(O)C1=O,0.35684647302904565
Oc1c(Cl)cc(Cl)cc1Cl,0.35602094240837695
CC(CCl)OP(=O)(OC(C)CCl)OC(C)CCl,0.3556701030927835
CC(C)N(C(=O)COc1nnc(C(F)(F)F)s1)c1ccc(F)cc1,0.35555555555555557
CC(C)(C)NC(=O)C1CCC2C3CCC4NC(=O)C=CC4(C)C3CCC12C,0.35545023696682465
BrC1CCC(Br)C(Br)CCC(Br)C(Br)CCC1Br,0.35537190082644626
BrC1CCC(Br)C(Br)CCC1Br,0.35537190082644626
CCCC1OC2CC3C4CCC5=CC(=O)C=CC5(C)C4C(O)CC3(C)C2(C(=O)CO)O1,0.35537190082644626
CCCN(CCC)c1c([N+](=O)[O-])cc(C(F)(F)F)cc1[N+](=O)[O-],0.3552941176470588
CC(C)(C)C(O)(CCc1ccc(Cl)cc1)Cn1cncn1,0.35467980295566504
CCOP(=S)(Oc1ccc([N+](=O)[O-])cc1)c1ccccc1,0.3544600938967136
CC1(C(=O)Nc2ccc(O)c(Cl)c2Cl)CCCCC1,0.35351089588377727
NCCc1c[nH]c2c(O)cc(O)cc12,0.35351089588377727
CCc1cccc(CC)c1N(COC)C(=O)CCl,0.35351089588377727
Clc1ccccc1Cl,0.35344827586206895
CCCSP(=O)(OCC)Oc1ccc(Br)cc1Cl,0.35336538461538464
CC=CCC(C)C(O)C1C(=O)NC(CC)C(=O)N(C)CC(=O)N(C)C(CC(C)C)C(=O)NC(C(C)C)C(=O)N(C)C(CC(C)C)C(=O)NC(C)C(=O)NC(C)C(=O)N(C)C(CC(C)C)C(=O)N(C)C(CC(C)C)C(=O)N(C)C(C(C)C)C(=O)N1C,0.35333333333333333
CC(=O)C1(C)CCC2C3C=C(C)C4=CC(=O)CCC4(C)C3CCC21C,0.35324675324675325
CCOCN(C(=O)CCl)c1c(C)cccc1CC,0.35308056872037913
Clc1ccc(COC(Cn2ccnc2)c2ccc(Cl)cc2Cl)c(Cl)c1,0.35294117647058826
Clc1ccc(COC(Cn2ccnc2)c2ccc(Cl)cc2Cl)c(Cl)c1.[Ag],0.35294117647058826
CC(C)C(=O)Nc1ccc([N+](=O)[O-])c(C(F)(F)F)c1,0.35294117647058826
Cc1c(COC(=O)C2C(C=C(Cl)C(F)(F)F)C2(C)C)cccc1-c1ccccc1,0.3524229074889868
CC(C)C1OC(=O)C(C(C)C)N(C)C(=O)C(C(C)C)OC(=O)C(C(C)C)N(C)C(=O)C(C(C)C)OC(=O)C(C(C)C)N(C)C1=O,0.3522727272727273
O=c1cc(-c2ccccc2)oc2ccc3ccccc3c12,0.352112676056338
Oc1ccc(C=Cc2cc(O)cc(O)c2)cc1,0.352059925093633
CC(=O)C1C(C#N)CC2C3CC=C4CC(O)CCC4(C)C3CCC21C,0.35185185185185186
NC(=O)c1ncn(C2OC(CO)C(O)C2O)n1,0.35185185185185186
CC12CC1(C)C(=O)N(c1cc(Cl)cc(Cl)c1)C2=O,0.35147392290249435
O=C(OCc1ccccc1)c1ccccc1O,0.3514376996805112
Clc1ccc(COC(Cn2ccnc2)c2ccc(Cl)cc2Cl)cc1,0.35141509433962265
Oc1c(Cl)cccc1Cl,0.35135135135135137
Nc1ccc(C=Cc2ccc(N)cc2S(=O)(=O)O)c(S(=O)(=O)O)c1,0.35128205128205126
O=C(O)C1C2C=CC(C2)C1(C(=O)O)[N+](=O)[O-],0.3511777301927195
CC(=O)C1(O)CCC2C3C=C(Cl)C4=CC(=O)C5CC5C4(C)C3CCC21C,0.35044642857142855
COC(OC)(C(=O)c1ccccc1)c1ccccc1,0.3501259445843829
OCC(O)CCl,0.3492063492063492
CC(C)NC(=O)N1CC(=O)N(c2cc(Cl)cc(Cl)c2)C1=O,0.3488372093023256
OCC1CCC(CO)CC1,0.3474576271186441
CC(=O)SC1CC2=CC(=O)CCC2(C)C2CCC3(C)C(CCC34CCC(=O)O4)C12,0.34698275862068967
C=CC1(C)OC(=O)N(c2cc(Cl)cc(Cl)c2)C1=O,0.346723044397463
Cc1c([N+](=O)[O-])cc([N+](=O)[O-])cc1[N+](=O)[O-],0.3465045592705167
C[Si]1(C)O[Si](C)(c2ccccc2)O[Si](C)(C)O[Si](C)(c2ccccc2)O1,0.3462532299741602
CC(=O)C1(O)CCC2C3CC(C)C4=CC(=O)CCC4(C)C3CCC21C,0.3462532299741602
O=c1cc(-c2ccccc2)oc2c1ccc1ccccc12,0.3459715639810427
CC(C)Cn1c(=O)n(C)c(=O)c2[nH]cnc21,0.3458333333333333
CCOCCOC(C)=O,0.34513274336283184
c1ccc(C2CCC2c2ccccc2)cc1,0.34494773519163763
c1ccc(C2CCC2c2ccccc2)cc1,0.34494773519163763
Cn1c(=O)c2c(ncn2C)n(C)c1=O,0.34475374732334046
CC(=O)OC1(C(C)=O)CCC2C3CC(C)C4=CC(=O)CCC4(C)C3CCC21C,0.3443396226415094
CNC(=O)Oc1cc(C)c(SC)c(C)c1,0.3438395415472779
CC12CCC3C(CCC4=CC(=O)C=CC43C)C1CCC(=O)O2,0.34382566585956414
Cc1c(N)c(=O)n(-c2ccccc2)n1C,0.3431578947368421
CNc1c(C)n(C)n(-c2ccccc2)c1=O,0.34156378600823045
CCCN(CCOc1c(Cl)cc(Cl)cc1Cl)C(=O)n1ccnc1,0.3411214953271028
O=C1C2(Cl)C3(Cl)C4(Cl)C(Cl)(Cl)C5(Cl)C3(Cl)C1(Cl)C5(Cl)C24Cl,0.34106728538283065
Cc1ccc([N+](=O)[O-])cc1[N+](=O)[O-],0.340625
Oc1ccc(Cl)cc1Cl,0.3404255319148936
CN1COCN(Cc2cnc(Cl)s2)C1=N[N+](=O)[O-],0.34
CCOP(=O)(OCC)OC(=CCl)c1ccc(Cl)cc1Cl,0.33966745843230406
O=C(OCc1ccccc1)c1ccccc1C(=O)OCc1ccccc1,0.3393939393939394
CCCOCC(=Nc1ccc(Cl)cc1C(F)(F)F)n1ccnc1,0.3392070484581498
Clc1cccc(Cl)c1,0.3391304347826087
c1ccc2c(c1)cc1ccc3cccc4ccc2c1c34,0.3391304347826087
c1ccc2c(c1)ccc1cc3c(ccc4ccccc43)cc12,0.3391304347826087
c1ccc2cc3c(ccc4ccccc43)cc2c1,0.3391304347826087
CCCCOC(=O)c1ccccc1C(=O)OCc1ccccc1,0.3388888888888889
C=CC(N)=O,0.3387096774193548
CC(=O)OC(c1ccc(Cl)c(Cl)c1)C(Cl)(Cl)Cl,0.33773087071240104
CCOP(=S)(OCC)Oc1nc(Cl)c(Cl)cc1Cl,0.33710407239819007
CC(C)(C)C(=O)C(Oc1ccc(Cl)cc1)n1cncn1,0.33707865168539325
Cc1ccc(N(SC(F)(Cl)Cl)S(=O)(=O)N(C)C)cc1,0.33647058823529413
CC(C)(C)C(O)C(Oc1ccc(Cl)cc1)n1cncn1,0.336322869955157
Cn1c(=O)c2[nH]cnc2n(C)c1=O,0.336283185840708
O=[N+]([O-])c1ccc(-c2ccc([N+](=O)[O-])cc2[N+](=O)[O-])c([N+](=O)[O-])c1,0.3359580052493438
CC12CCC3C(CCC4=C(O)C(=O)CCC43C)C1CCC2=O,0.33585858585858586
CS(=O)(=O)c1cc(Cl)cc(-c2ccc(Cl)c(Cl)c2)c1Cl,0.3356164383561644
O=[N+]([O-])c1ccccc1,0.3351063829787234
Cc1cc(Cl)cc2c1oc1cc(Cl)cc(Cl)c12,0.335
Cc1ncc([N+](=O)[O-])n1CC(O)CCl,0.33488372093023255
COP(=S)(OC)Oc1nc(Cl)c(Cl)cc1Cl,0.3348623853211009
CS(=O)(=O)c1cc(Cl)c(Cl)c(-c2cc(Cl)c(Cl)cc2Cl)c1Cl,0.3348115299334812
O=[N+]([O-])c1ccc(O)cc1-c1ccccc1,0.33421750663129973
CS(=O)(=O)c1cc(Cl)cc(-c2ccc(Cl)cc2Cl)c1Cl,0.3340909090909091
CS(=O)(=O)c1cc(Cl)c(Cl)c(-c2ccc(Cl)c(Cl)c2Cl)c1Cl,0.334070796460177
CC(C)(C)C(O)C(Oc1ccc(-c2ccccc2)cc1)n1cncn1,0.33406593406593404
O=[N+]([O-])NC1=NCCN1Cc1ccc(Cl)nc1,0.3333333333333333
O=C(O)C(Cl)Cl,0.3333333333333333
C1CCOC1,0.3333333333333333
CS(=O)(=O)c1cc(Cl)cc(-c2ccc(Cl)c(Cl)c2Cl)c1Cl,0.3325892857142857
CCCCCCCCC=CCCCCCCCC(=O)OCCOCC(OCCO)C1OC(OCCO)CC1OCCO,0.3324468085106383
CC12CCC(=O)C=C1CCC1C2CCC2(C)C1CCC2(C)O,0.3324175824175824
Cc1ccc2cc3c(ccc4ccccc43)c3c2c1CC3,0.3323262839879154
C=C(Br)COc1c(Br)cc(Br)cc1Br,0.33226837060702874
CS(=O)(=O)c1cc(Cl)c(-c2cc(Cl)c(Cl)cc2Cl)c(Cl)c1Cl,0.3317972350230415
CS(=O)(=O)c1cc(Cl)cc(-c2cc(Cl)c(Cl)c(Cl)c2Cl)c1Cl,0.33111111111111113
CS(=O)(=O)c1cc(Cl)cc(-c2cc(Cl)c(Cl)cc2Cl)c1Cl,0.33109619686800895
ClC(Cl)=C(Cl)c1c(Cl)c(Cl)c(Cl)c(Cl)c1Cl,0.33070866141732286
CCCCC(CC)COC(=O)c1ccc(N(C)C)cc1,0.3303834808259587
Nc1c(N=Nc2ccc(-c3ccc(N=Nc4cc(S(=O)(=O)[O-])c5ccccc5c4N)cc3)cc2)cc(S(=O)(=O)[O-])c2ccccc12.[Na+].[Na+],0.3302540415704388
CCCCCCCCOC(=O)c1ccc(N(C)C)cc1,0.32926829268292684
CCCCC(CC)COC(=O)c1ccccc1C(=O)O,0.32865168539325845
CCCCC(CC)COC(=O)c1ccccc1C(=O)OCC(CC)CCCC,0.3277310924369748
O=c1oc2cc(O)ccc2c2oc3cc(O)ccc3c12,0.3276699029126214
C=Cc1ccc(Cl)cc1,0.32608695652173914
CC(C)CCCCCCOC(=O)c1ccccc1C(=O)OCCCCCCC(C)C,0.32571428571428573
CC(C)CCCCCCCOC(=O)c1ccccc1C(=O)OCCCCCCCC(C)C,0.32571428571428573
Clc1cc2c(cc1Cl)Oc1cc(Br)c(Cl)cc1O2,0.3253968253968254
CCCC[Sn](CCCC)(CCCC)O[Sn](CCCC)(CCCC)CCCC,0.32524271844660196
Oc1c(Cl)cc(-c2ccc(Cl)c(Cl)c2)c(Cl)c1Cl,0.3251366120218579
CC12CCC(=O)C=C1CCC1C2CCC2(C)C(OC(=O)CCC3CCCC3)CCC12,0.325
CCOP(=S)(OCC)Oc1ccc([N+](=O)[O-])cc1,0.3247863247863248
CCCCCCCCCOC(=O)c1ccccc1C(=O)OCCCCCCCCC,0.32471264367816094
O=S(=O)(O)C(F)(F)C(F)(F)C(F)(F)C(F)(F)C(F)(F)C(F)(F)F,0.3242009132420091
CS(=O)(=O)c1cc(Cl)c(-c2ccc(Cl)c(Cl)c2Cl)cc1Cl,0.323943661971831
CC[Hg]Sc1ccccc1C(=O)[O-].[Na+],0.3236151603498542
CCC(CCC(C)C1CCC2C3CC=C4CC(O)CCC4(C)C3CCC12C)C(C)C,0.3235294117647059
C=CCOc1c(Br)cc(Br)cc1Br,0.3233333333333333
O=C(OC1CCCCC1)c1ccccc1C(=O)OC1CCCCC1,0.32320441988950277
CCC(=O)OC1CCC2C3CCC4=CC(=O)CCC4(C)C3CCC12C,0.3224181360201511
CC(C)COC(=O)c1ccccc1C(=O)OCC(C)C,0.32238805970149254
O=S(=O)(O)C(F)(F)C(F)(F)C(F)(F)C(F)(F)C(F)(F)C(F)(F)C(F)(F)C(F)(F)F,0.3219954648526077
O=S(=O)([O-])C(F)(F)C(F)(F)C(F)(F)C(F)(F)C(F)(F)C(F)(F)C(F)(F)C(F)(F)F.[K+],0.3219954648526077
CCOC(=O)c1ccccc1C(=O)OCC,0.321875
CCOP(=S)(OCC)Oc1cc(C)nc(C(C)C)n1,0.32167832167832167
Nc1ccc(N(c2ccccc2)c2ccccc2)cc1,0.32142857142857145
COc1c(Oc2ccc(Br)cc2Br)cc(Br)c(Br)c1Br,0.32142857142857145
CSc1nnc(C(C)(C)C)c(=O)n1N,0.3211845102505695
Clc1cc2c(cc1Cl)Oc1cc(Br)c(Br)cc1O2,0.3209549071618037
CCCCCCOC(=O)c1ccccc1C(=O)OCCCCCC,0.3208092485549133
CC(C)CCCCOC(=O)c1ccccc1C(=O)OCCCCC(C)C,0.32
CS(=O)(=O)c1cc(Cl)c(-c2cc(Cl)c(Cl)cc2Cl)cc1Cl,0.32
c1ccc([Sn](c2ccccc2)c2ccccc2)cc1,0.31958762886597936
Clc1cc2oc3ccc(Cl)c(Cl)c3c2cc1Cl,0.3194444444444444
Nc1nc(N)nc(N)n1,0.31932773109243695
O=C1OC(C(O)CO)C(O)=C1O,0.3182957393483709
BrCC(Br)COc1c(Br)cc(Br)cc1Br,0.3181818181818182
Oc1c(Oc2ccc(Br)cc2Br)cc(Br)c(Br)c1Br,0.31754874651810583
CCCCOC(=O)c1ccccc1C(=O)O,0.31750741839762614
CNC(=S)[S-].[Na+],0.31746031746031744
Brc1c(Br)c(Br)c(Oc2c(Br)c(Br)c(Br)c(Br)c2Br)c(Br)c1Br,0.31722054380664655
CCCCOC(=O)COC(=O)c1ccccc1C(=O)OCCCC,0.3172043010752688
FC(F)OC(Cl)C(F)(F)F,0.31693989071038253
CCCCCOC(=O)c1ccccc1C(=O)OCCCCC,0.3168604651162791
Clc1cc(Cl)c2c(c1Cl)Oc1ccccc1O2,0.3161953727506427
Nc1ccc(N)cc1,0.3157894736842105
Nc1ccc(S(=O)(=O)Nc2nccs2)cc1,0.31565656565656564
CCCCOC(=O)c1ccccc1C(=O)OCCCC,0.31563421828908556
Clc1cc2c(cc1Cl)Oc1c(Cl)c(Cl)c(Cl)c(Cl)c1O2,0.3147208121827411
N#CN=C1SCCN1Cc1ccc(Cl)nc1,0.3146853146853147
Clc1cc2c(cc1Cl)Oc1c(cc(Cl)c(Cl)c1Cl)O2,0.31443298969072164
CCCCOC(=O)CC(CC(=O)OCCCC)(OC(C)=O)C(=O)OCCCC,0.31435643564356436
O=C([O-])CS.[Na+],0.3125
Clc1cc2c(cc1Br)Oc1cc(Br)c(Br)cc1O2,0.3123359580052493
Clc1cc2c(cc1Cl)Oc1cc(Cl)c(Cl)cc1O2,0.3123123123123123
Clc1cc2oc3c(Cl)c(Cl)c(Cl)cc3c2cc1Cl,0.31216931216931215
S=C([S-])NCCNC(=S)[S-].[Zn+2],0.31092436974789917
S=C([S-])NCCNC(=S)[S-].[Mn+2],0.31092436974789917
S=C([S-])NCCNC(=S)[S-].S=C([S-])NCCNC(=S)[S-].[Mn+2].[Zn+2],0.31092436974789917
O=c1cc(CO)occ1O,0.31076923076923074
COP(=S)(OC)Oc1ccc([N+](=O)[O-])cc1,0.31044776119402984
CN1CCCC1c1cccnc1,0.3104325699745547
[Cl-].[Cl-].c1cc[n+]2c(c1)-c1cccc[n+]1CC2,0.31017369727047145
CCCc1cc(=O)[nH]c(=S)[nH]1,0.30994152046783624
Oc1ccc(Oc2ccc(Br)cc2Br)c(Br)c1Br,0.3076923076923077
FC(F)(F)C(F)(F)C(F)(F)C(F)(F)C(F)(F)C(F)(F)C(F)(F)C(F)(F)I,0.30726256983240224
FC(F)(F)C(F)(F)C(F)(F)C(F)(F)C(F)(F)C(F)(F)I,0.30704225352112674
NC(CCC(=O)O)C(=O)[O-].[Na+],0.30687830687830686
ClC1(Cl)C2(Cl)C3(Cl)C4(Cl)C(Cl)(Cl)C5(Cl)C3(Cl)C1(Cl)C5(Cl)C24Cl,0.30670103092783507
ClC1(Cl)C2(Cl)C3C4(Cl)C1(Cl)C1(Cl)C4(Cl)C(Cl)(Cl)C3(Cl)C21Cl,0.30670103092783507
O=CCCCC=O,0.3064516129032258
C1CCC([Sn](C2CCCCC2)C2CCCCC2)CC1.O,0.30612244897959184
O=S(=O)(O)C(F)(F)C(F)(F)C(F)(F)C(F)(F)F,0.3060240963855422
O=C1C=C2C(=CCOC2O)O1,0.30597014925373134
Oc1cc(Cl)ccc1Oc1ccc(Cl)cc1Cl,0.30523255813953487
CC1CC(C)C(=O)C(C(O)CC2CC(=O)NC(=O)C2)C1,0.30498533724340177
COc1cc(Br)cc(Br)c1Oc1ccc(Br)cc1Br,0.3048128342245989
BrCC(Br)C1CCC(Br)C(Br)C1,0.30434782608695654
CCOP(=S)(OCC)Oc1cnc2ccccc2n1,0.30392156862745096
CCN(CC)c1ccc(C=O)cc1,0.3018181818181818
O=[N+]([O-])c1ccc(Oc2ccc(Cl)cc2Cl)cc1,0.3017241379310345
Cc1ccc(NC(=O)N(C)C)cc1Cl,0.3003003003003003
CC(=O)O[Sn](c1ccccc1)(c1ccccc1)c1ccccc1,0.29914529914529914
CCOC(=O)CCCCC(=O)OCC,0.29891304347826086
Oc1cc(Br)cc(Br)c1Oc1ccc(Br)cc1Br,0.2985507246376812
CCCCOC(=O)COc1ccc(Cl)cc1Cl,0.2982456140350877
O=C1C=CC(=NNc2ccccc2)C=C1,0.29553264604810997
O=S(=O)(c1ccc(Cl)cc1)c1cc(Cl)c(Cl)cc1Cl,0.29336734693877553
Cc1ccc(N=CN(C)C=Nc2ccc(C)cc2C)c(C)c1,0.29260450160771706
Oc1c(Cl)c(Cl)c(Cl)c(Cl)c1Cl,0.2902097902097902
O=C(O)C(F)(F)C(F)(F)C(F)(F)C(F)(F)C(F)(F)C(F)(F)C(F)(F)C(F)(F)C(F)(F)C(F)(F)C(F)(F)F,0.29015544041450775
O=C(O)C(F)(F)C(F)(F)C(F)(F)C(F)(F)C(F)(F)C(F)(F)C(F)(F)C(F)(F)C(F)(F)C(F)(F)F,0.29015544041450775
O=C(O)C(F)(F)C(F)(F)C(F)(F)C(F)(F)C(F)(F)C(F)(F)C(F)(F)C(F)(F)F,0.29015544041450775
O=C([O-])C(F)(F)C(F)(F)C(F)(F)C(F)(F)C(F)(F)C(F)(F)C(F)(F)F.[NH4+],0.29015544041450775
O=C(O)C(F)(F)C(F)(F)C(F)(F)C(F)(F)C(F)(F)C(F)(F)C(F)(F)C(F)(F)C(F)(F)F,0.29015544041450775
O=C(O)C(F)(F)C(F)(F)C(F)(F)C(F)(F)C(F)(F)C(F)(F)C(F)(F)F,0.29015544041450775
Nc1n[nH]c(=S)s1.Nc1n[nH]c(=S)s1.[Cu],0.28717948717948716
ClCC1(C(Cl)Cl)C2CC(Cl)(Cl)C1(CCl)C(Cl)C2Cl,0.28651685393258425
CNC(=O)Oc1cccc2ccccc12,0.2861736334405145
Clc1cc(Cl)c(Oc2cc(Cl)c(Cl)cc2Cl)cc1Cl,0.2857142857142857
COC(C)(C)C,0.2857142857142857
CC(C)OC(=O)C(C(=O)OC(C)C)=C1SCCS1,0.2853185595567867
Brc1cc2c(cc1Br)Oc1cc(Br)c(Br)cc1O2,0.2852760736196319
Oc1c(Cl)c(Cl)c(O)c(Cl)c1Cl,0.2852112676056338
Brc1cc(Br)c(-c2cc(Br)c(Br)c(Br)c2)cc1Br,0.2848297213622291
COP(=O)(OC)OC=C(Cl)Cl,0.28421052631578947
Oc1cc(Cl)c(Cl)c(Cl)c1Cl,0.28421052631578947
ClC1C(Cl)C(Cl)C(Cl)C(Cl)C1Cl,0.28415300546448086
ClC1C(Cl)C(Cl)C(Cl)C(Cl)C1Cl,0.28415300546448086
Oc1cc(Cl)c(Cl)cc1Cl,0.28413284132841327
Oc1c(Cl)ccc(Cl)c1Cl,0.28413284132841327
Nc1ncn[nH]1,0.2833333333333333
OCc1c[nH]c2ccccc12,0.28291316526610644
Cc1cc(Cl)ccc1N=CN(C)C,0.2826086956521739
Brc1ccc(Oc2cc(Br)c(Br)cc2Br)c(Br)c1,0.2826086956521739
Oc1c(Cl)c(Cl)cc(Cl)c1Cl,0.28205128205128205
Clc1cc(Cl)c(Oc2c(Cl)cccc2Cl)cc1Cl,0.2819767441860465
Brc1ccc(Oc2c(Br)cccc2Br)cc1Br,0.2807570977917981
Oc1ccc(Cl)c(Cl)c1Cl,0.28
c1ccc(Nc2ccc(Nc3ccccc3)cc2)cc1,0.2789473684210526
Brc1ccc(Oc2ccc(Br)cc2Br)c(Br)c1,0.27759197324414714
CCCCN(CCCC)c1cccc(O)c1,0.27741935483870966
Brc1cc2oc3cc(Br)c(Br)cc3c2cc1Br,0.27605633802816903
Brc1cc(Br)c(-c2cc(Br)c(Br)cc2Br)cc1Br,0.27575757575757576
O=C(O)COc1ccc(Cl)cc1Cl,0.27564102564102566
Clc1ccc(Oc2c(Cl)cccc2Cl)cc1Cl,0.27492447129909364
O=S(=O)(c1ccc(O)cc1)c1ccc(O)cc1,0.2745762711864407
COC(=O)NC(=S)Nc1ccccc1NC(=S)NC(=O)OC,0.2742857142857143
CON(C)C(=O)Nc1ccc(Cl)c(Cl)c1,0.2737430167597765
Brc1cc(-c2ccc(Br)c(Br)c2Br)cc(Br)c1Br,0.2735562310030395
Oc1ccc(-c2c(Cl)cc(Cl)cc2Cl)cc1,0.273015873015873
O=C(O)CCCOc1ccc(Cl)cc1Cl,0.271875
CCC(C(N)=O)N1CCCC1=O,0.2716417910447761
CCOC(=O)CC(SP(=S)(OC)OC)C(=O)OCC,0.2715736040609137
c1ccc2c(c1)-c1cccc3c1c-2cc1ccccc13,0.27058823529411763
C[Si]1(C)O[Si](C)(C)O[Si](C)(C)O[Si](C)(C)O1,0.2694300518134715
Nc1nc(N)nc(Cl)n1,0.26903553299492383
CCOC(=O)CC(SP(=O)(OC)OC)C(=O)OCC,0.26903553299492383
C1=Cc2cccc3cccc1c23,0.2682119205298013
O=P(O)(OCCC(F)(F)C(F)(F)C(F)(F)C(F)(F)C(F)(F)C(F)(F)C(F)(F)C(F)(F)C(F)(F)C(F)(F)F)OCCC(F)(F)C(F)(F)C(F)(F)C(F)(F)C(F)(F)C(F)(F)C(F)(F)C(F)(F)C(F)(F)C(F)(F)F,0.2680965147453083
Clc1cc(Cl)c(-c2c(Cl)ccc(Cl)c2Cl)cc1Cl,0.2668621700879765
Clc1ccc(Cl)c(-c2c(Cl)ccc(Cl)c2Cl)c1,0.26646706586826346
Clc1ccc(Cl)c(-c2c(Cl)ccc(Cl)c2Cl)c1Cl,0.26646706586826346
CN(C)C(=O)Nc1ccc(Cl)c(Cl)c1,0.26586102719033233
c1ccc2cc3c(cc2c1)-c1cccc2cccc-3c12,0.2648809523809524
O=P1(N(CCCl)CCCl)NCCCO1,0.264
O=P(Oc1ccccc1)(Oc1ccccc1)Oc1ccccc1,0.2624113475177305
CCC(CO)NCCNC(CC)CO,0.2620320855614973
Clc1ccc(-c2cc(Cl)c(Cl)c(Cl)c2Cl)cc1Cl,0.26176470588235295
Clc1ccc(-c2c(Cl)ccc(Cl)c2Cl)cc1Cl,0.26112759643916916
O=C(Nc1ccc(Cl)cc1)Nc1ccc(Cl)c(Cl)c1,0.2607361963190184
Clc1cccc(-c2ccc(Cl)c(Cl)c2Cl)c1Cl,0.25892857142857145
O=S(=O)([O-])[O-].[Ni+2],0.25806451612903225
O.O=S(=O)([O-])[O-].O=S(=O)([O-])[O-].O=S(=O)([O-])[O-].[Al+3].[Al+3],0.25806451612903225
O=S(=O)(O)O.[Fe],0.25806451612903225
O=P(OCCCl)(OCCCl)OCCCl,0.2578947368421053
CSc1nc(NC(C)C)nc(NC(C)C)n1,0.2577639751552795
CCNc1nc(NC(C)C)nc(SC)n1,0.2577639751552795
CCC(=O)Nc1ccc(Cl)c(Cl)c1,0.25757575757575757
CCCCOC(=O)CC(O)(CC(=O)OCCCC)C(=O)OCCCC,0.2569832402234637
O=P(O)(O)OCCC(F)(F)C(F)(F)C(F)(F)C(F)(F)C(F)(F)C(F)(F)C(F)(F)C(F)(F)F,0.2554945054945055
Clc1ccc(-c2cccc(Cl)c2Cl)c(Cl)c1,0.2553191489361702
OCC(Cl)(Cl)Cl,0.25396825396825395
CS(=O)(=O)OCCCCOS(C)(=O)=O,0.25263157894736843
Clc1ccc(Cl)c(-c2cccc(Cl)c2Cl)c1,0.2523076923076923
CCNc1nc(Cl)nc(NC(C)(C)C#N)n1,0.2515151515151515
CCSC(=O)N1CCCCCC1,0.25089605734767023
CCCC(CCC)C(=O)O,0.25
Clc1ccc(-c2cc(Cl)c(Cl)cc2Cl)cc1Cl,0.24848484848484848
Cl[Sn](c1ccccc1)(c1ccccc1)c1ccccc1,0.2483221476510067
Brc1cc(Br)cc(Oc2ccc(Br)c(Br)c2)c1,0.2482758620689655
COC(=O)Nc1nc2ccccc2[nH]1,0.24571428571428572
Clc1cc(Cl)c(-c2cc(Cl)c(Cl)cc2Cl)cc1Cl,0.24550898203592814
CCNc1nc(Cl)nc(NC(C)(C)C)n1,0.24281150159744408
NNC(N)=O,0.24193548387096775
CC=CC=O,0.24193548387096775
CCCCOP(=O)(OCCCC)OCCCC,0.24120603015075376
CCNc1nc(=O)nc(NC(C)C)[nH]1,0.23934426229508196
Clc1ccc(-c2cc(Cl)ccc2Cl)c(Cl)c1,0.2391304347826087
Brc1cc(-c2cc(Br)c(Br)c(Br)c2)cc(Br)c1Br,0.23825503355704697
ClC(Cl)=C(Cl)Cl,0.23809523809523808
CN(C)C(=S)SSC(=S)N(C)C,0.23809523809523808
Clc1ccc(Cl)c(-c2ccccc2Cl)c1,0.23548387096774193
Clc1ccc(Cl)c(-c2cc(Cl)ccc2Cl)c1,0.2347266881028939
CCOCCO,0.234375
CCNc1nc(Cl)nc(NC(C)C)n1,0.23376623376623376
CC(C)Nc1nc(Cl)nc(NC(C)C)n1,0.23376623376623376
[Cu+2].[S-]c1nnc(NCNc2nnc([S-])s2)s1,0.23197492163009403
OCCC(F)(F)C(F)(F)C(F)(F)C(F)(F)C(F)(F)C(F)(F)C(F)(F)C(F)(F)F,0.23100303951367782
Clc1cc(Cl)c(-c2c(Cl)cccc2Cl)c(Cl)c1,0.2297734627831715
Clc1ccc(-c2c(Cl)cc(Cl)cc2Cl)cc1,0.22875816993464052
C=CC(=C)C,0.22580645161290322
ClC=C(Cl)Cl,0.22580645161290322
O.O.O.O.O.O.O=[N+]([O-])O.O=[N+]([O-])O.O=[U]=O,0.22580645161290322
Brc1ccc(-c2ccc(Br)c(Br)c2)cc1Br,0.22413793103448276
CCNc1nc(Cl)nc(NCC)n1,0.22408026755852842
O=c1nc([N+](=O)[O-])[nH][nH]1,0.22327044025157233
C1CC2OC2CC1C1CO1,0.2229965156794425
Clc1ccc(-c2ccc(Cl)cc2Cl)cc1,0.2214765100671141
Clc1ccc(-c2ccc(Cl)cc2Cl)c(Cl)c1,0.22112211221122113
S=c1[nH]nc(NCNc2n[nH]c(=S)s2)s1,0.21671826625386997
CCCCCCCCC,0.20967741935483872
CCCCCCCC,0.20967741935483872
S=c1[nH]c2ccccc2[nH]1,0.20930232558139536
N#CC(Br)Br,0.20634920634920634
Clc1cc2c(Cl)c(Cl)c(Cl)c(Cl)c2cc1Cl,0.2013888888888889
CCC12COP(=O)(OC1)OC2,0.20069204152249134
Clc1ccc(-c2cc(Cl)c(Cl)c(Cl)c2)cc1Cl,0.2
Clc1cc(-c2cc(Cl)c(Cl)c(Cl)c2)cc(Cl)c1Cl,0.2
COP(=O)(OC)C(O)C(Cl)(Cl)Cl,0.1986970684039088
COCCO,0.19047619047619047
Clc1ccc(-c2ccc(Cl)c(Cl)c2)cc1Cl,0.1891891891891892
CC(=O)[O-].CC(=O)[O-].[Pb+2],0.1746031746031746
CC(=O)[O-].CC(=O)[O-].[Zn+2],0.1746031746031746
CCOCC,0.1746031746031746
CC(=O)[O-].CC(=O)[O-].[Cd+2],0.1746031746031746
COP(=O)(NC(C)=O)SC,0.17307692307692307
O=[N+]([O-])[O-],0.16129032258064516
CCCCCC,0.16129032258064516
CCCBr,0.16129032258064516
O=[N+]([O-])[O-].O=[N+]([O-])[O-].[Cd+2],0.16129032258064516
C=CCO,0.15873015873015872
c1ccccc1,0.14516129032258066
CC(C)Br,0.14516129032258066
CCC=O,0.14516129032258066
C1CO1,0.14285714285714285
ClC(Cl)Br,0.14285714285714285
O=[Si]([O-])[O-].[Na+].[Na+],0.12698412698412698
ClC(Cl)(Cl)Cl,0.11290322580645161
[NH4+].[O-][Cl+3]([O-])([O-])[O-],0.1111111111111111
[O-][Cl+3]([O-])([O-])[O-],0.1111111111111111
[K+].[O-][Cl+3]([O-])([O-])[O-],0.1111111111111111
OB(O)O,0.0967741935483871
O=N[O-].[Na+],0.0967741935483871
C=CC,0.0967741935483871
[O-][As]([O-])[O-],0.0967741935483871
N#[N+][O-],0.0967741935483871
ClC(Cl)Cl,0.0967741935483871
[Na+].[O-][Br+2]([O-])[O-],0.08064516129032258
N#C[S-],0.08064516129032258
NC=O,0.08064516129032258
CC=O,0.08064516129032258
CCO,0.07936507936507936
O=[Mn]O.O=[Mn]O.[Mn],0.07936507936507936
Cl[Zn]Cl,0.06451612903225806
ClCCl,0.06451612903225806
Cl[Cd]Cl,0.06451612903225806
O=[Ti]=O,0.06451612903225806
S=C=S,0.06451612903225806
C[Hg]Cl,0.06349206349206349
[O][Cl+][O-],0.047619047619047616
Cl[Hg]Cl,0.047619047619047616
[Na+].[O-][Cl+][O-],0.047619047619047616
II,0.03225806451612903
CBr,0.03225806451612903
CO,0.03225806451612903
C[Hg+],0.03225806451612903
C=O,0.016129032258064516
[As],0.0
[Cd],0.0
[C],0.0
N.N.[Cl-].[Cl-].[Pt+2],0.0
[U],0.0
[Cl-].[Cl-].[Mn+2],0.0
[Cr],0.0
[Mn],0.0
[Pd],0.0
[Pb],0.0
[F-].[Na+],0.0
[B],0.0
[Cr+6],0.0
[Br-].[Na+],0.0
[Cr+3],0.0
[Cl-].[NH4+],0.0
[As+3].[As+3].[O-2].[O-2].[O-2],0.0
